[{"model": "admin.logentry", "pk": 1, "fields": {"action_time": "2022-06-11T20:58:01.038Z", "user": 1, "content_type": 8, "object_id": "1", "object_repr": "Hip-Hop", "action_flag": 2, "change_message": "[{\"changed\": {\"fields\": [\"Name\"]}}]"}}, {"model": "admin.logentry", "pk": 2, "fields": {"action_time": "2022-06-11T20:58:48.858Z", "user": 1, "content_type": 10, "object_id": "1", "object_repr": "Enter the Wu-Tang (36 Chambers)", "action_flag": 2, "change_message": "[{\"changed\": {\"fields\": [\"Album cover\"]}}]"}}, {"model": "admin.logentry", "pk": 3, "fields": {"action_time": "2022-06-14T20:47:54.204Z", "user": 1, "content_type": 9, "object_id": "1", "object_repr": "Enter the Wu-Tang (36 Chambers) reviewed by admin", "action_flag": 1, "change_message": "[{\"added\": {}}]"}}, {"model": "admin.logentry", "pk": 4, "fields": {"action_time": "2022-06-14T20:48:09.389Z", "user": 1, "content_type": 9, "object_id": "1", "object_repr": "Enter the Wu-Tang (36 Chambers) reviewed by admin", "action_flag": 3, "change_message": ""}}, {"model": "admin.logentry", "pk": 5, "fields": {"action_time": "2022-06-15T11:40:54.180Z", "user": 1, "content_type": 10, "object_id": "1", "object_repr": "Enter the Wu-Tang (36 Chambers)", "action_flag": 2, "change_message": "[{\"changed\": {\"fields\": [\"The year the album was released\"]}}]"}}, {"model": "admin.logentry", "pk": 6, "fields": {"action_time": "2022-06-15T11:42:53.869Z", "user": 1, "content_type": 10, "object_id": "1", "object_repr": "Enter the Wu-Tang (36 Chambers)", "action_flag": 2, "change_message": "[]"}}, {"model": "admin.logentry", "pk": 7, "fields": {"action_time": "2022-06-15T22:03:22.732Z", "user": 1, "content_type": 9, "object_id": "2", "object_repr": "Enter the Wu-Tang (36 Chambers) reviewed by admin", "action_flag": 1, "change_message": "[{\"added\": {}}]"}}, {"model": "admin.logentry", "pk": 8, "fields": {"action_time": "2022-06-15T22:18:28.020Z", "user": 1, "content_type": 9, "object_id": "2", "object_repr": "Enter the Wu-Tang (36 Chambers) reviewed by admin", "action_flag": 2, "change_message": "[]"}}, {"model": "admin.logentry", "pk": 9, "fields": {"action_time": "2022-06-17T21:31:54.322Z", "user": 1, "content_type": 10, "object_id": "1", "object_repr": "Enter the Wu-Tang (36 Chambers)", "action_flag": 2, "change_message": "[{\"changed\": {\"fields\": [\"Album cover\"]}}]"}}, {"model": "admin.logentry", "pk": 10, "fields": {"action_time": "2022-06-17T21:40:36.279Z", "user": 1, "content_type": 11, "object_id": "2", "object_repr": "2pac", "action_flag": 1, "change_message": "[{\"added\": {}}]"}}, {"model": "admin.logentry", "pk": 11, "fields": {"action_time": "2022-06-17T21:42:24.389Z", "user": 1, "content_type": 10, "object_id": "2", "object_repr": "All eyez on me", "action_flag": 1, "change_message": "[{\"added\": {}}]"}}, {"model": "admin.logentry", "pk": 12, "fields": {"action_time": "2022-06-17T21:43:58.018Z", "user": 1, "content_type": 7, "object_id": "3", "object_repr": "Death Row Records", "action_flag": 1, "change_message": "[{\"added\": {}}]"}}, {"model": "admin.logentry", "pk": 13, "fields": {"action_time": "2022-06-17T21:44:16.929Z", "user": 1, "content_type": 10, "object_id": "2", "object_repr": "All eyez on me", "action_flag": 2, "change_message": "[{\"changed\": {\"fields\": [\"Record company\"]}}]"}}, {"model": "admin.logentry", "pk": 14, "fields": {"action_time": "2022-06-17T21:45:02.008Z", "user": 1, "content_type": 9, "object_id": "3", "object_repr": "All eyez on me reviewed by admin", "action_flag": 1, "change_message": "[{\"added\": {}}]"}}, {"model": "admin.logentry", "pk": 15, "fields": {"action_time": "2022-06-17T21:53:56.947Z", "user": 1, "content_type": 11, "object_id": "3", "object_repr": "Vaniila Ice", "action_flag": 1, "change_message": "[{\"added\": {}}]"}}, {"model": "admin.logentry", "pk": 16, "fields": {"action_time": "2022-06-17T21:55:11.916Z", "user": 1, "content_type": 10, "object_id": "3", "object_repr": "To The Extreme", "action_flag": 1, "change_message": "[{\"added\": {}}]"}}, {"model": "admin.logentry", "pk": 17, "fields": {"action_time": "2022-06-17T21:56:26.657Z", "user": 1, "content_type": 9, "object_id": "4", "object_repr": "To The Extreme reviewed by admin", "action_flag": 1, "change_message": "[{\"added\": {}}]"}}, {"model": "admin.logentry", "pk": 18, "fields": {"action_time": "2022-06-21T15:28:59.360Z", "user": 1, "content_type": 9, "object_id": "5", "object_repr": "To The Extreme reviewed by admin", "action_flag": 1, "change_message": "[{\"added\": {}}]"}}, {"model": "admin.logentry", "pk": 19, "fields": {"action_time": "2022-06-22T08:17:16.300Z", "user": 1, "content_type": 4, "object_id": "2", "object_repr": "mason", "action_flag": 1, "change_message": "[{\"added\": {}}]"}}, {"model": "admin.logentry", "pk": 20, "fields": {"action_time": "2022-06-22T08:18:29.600Z", "user": 1, "content_type": 4, "object_id": "2", "object_repr": "gertobin11@gmail.com", "action_flag": 2, "change_message": "[{\"changed\": {\"fields\": [\"Username\", \"First name\", \"Last name\", \"Email address\"]}}]"}}, {"model": "admin.logentry", "pk": 21, "fields": {"action_time": "2022-06-22T08:18:46.153Z", "user": 1, "content_type": 4, "object_id": "2", "object_repr": "mason", "action_flag": 2, "change_message": "[{\"changed\": {\"fields\": [\"Username\"]}}]"}}, {"model": "admin.logentry", "pk": 22, "fields": {"action_time": "2022-06-22T08:19:04.505Z", "user": 1, "content_type": 4, "object_id": "3", "object_repr": "madzia", "action_flag": 1, "change_message": "[{\"added\": {}}]"}}, {"model": "admin.logentry", "pk": 23, "fields": {"action_time": "2022-06-22T08:19:27.676Z", "user": 1, "content_type": 4, "object_id": "3", "object_repr": "madzia", "action_flag": 2, "change_message": "[{\"changed\": {\"fields\": [\"First name\", \"Last name\", \"Email address\"]}}]"}}, {"model": "admin.logentry", "pk": 24, "fields": {"action_time": "2022-06-22T08:20:59.544Z", "user": 1, "content_type": 4, "object_id": "4", "object_repr": "henryk", "action_flag": 1, "change_message": "[{\"added\": {}}]"}}, {"model": "admin.logentry", "pk": 25, "fields": {"action_time": "2022-06-22T08:21:40.880Z", "user": 1, "content_type": 4, "object_id": "4", "object_repr": "henryk", "action_flag": 2, "change_message": "[{\"changed\": {\"fields\": [\"First name\", \"Last name\", \"Email address\"]}}]"}}, {"model": "admin.logentry", "pk": 26, "fields": {"action_time": "2022-06-22T10:06:23.488Z", "user": 1, "content_type": 3, "object_id": "1", "object_repr": "User Admin Help", "action_flag": 1, "change_message": "[{\"added\": {}}]"}}, {"model": "admin.logentry", "pk": 27, "fields": {"action_time": "2022-06-22T10:06:40.407Z", "user": 1, "content_type": 4, "object_id": "3", "object_repr": "madzia", "action_flag": 2, "change_message": "[{\"changed\": {\"fields\": [\"Groups\"]}}]"}}, {"model": "admin.logentry", "pk": 28, "fields": {"action_time": "2022-06-22T10:15:57.298Z", "user": 1, "content_type": 4, "object_id": "3", "object_repr": "madzia", "action_flag": 2, "change_message": "[{\"changed\": {\"fields\": [\"Staff status\"]}}]"}}, {"model": "admin.logentry", "pk": 29, "fields": {"action_time": "2022-08-17T19:16:52.417Z", "user": 5, "content_type": 11, "object_id": "4", "object_repr": "Madonna", "action_flag": 1, "change_message": "[{\"added\": {}}]"}}, {"model": "admin.logentry", "pk": 30, "fields": {"action_time": "2022-08-17T19:17:04.609Z", "user": 5, "content_type": 8, "object_id": "2", "object_repr": "Pop", "action_flag": 1, "change_message": "[{\"added\": {}}]"}}, {"model": "admin.logentry", "pk": 31, "fields": {"action_time": "2022-08-17T19:17:55.892Z", "user": 5, "content_type": 7, "object_id": "4", "object_repr": "Warner Brothers", "action_flag": 1, "change_message": "[{\"added\": {}}]"}}, {"model": "admin.logentry", "pk": 32, "fields": {"action_time": "2022-08-17T19:55:37.847Z", "user": 5, "content_type": 10, "object_id": "4", "object_repr": "LIke A Virgin", "action_flag": 1, "change_message": "[{\"added\": {}}]"}}, {"model": "admin.logentry", "pk": 33, "fields": {"action_time": "2022-08-17T19:57:09.956Z", "user": 5, "content_type": 9, "object_id": "6", "object_repr": "LIke A Virgin reviewed by Madzia", "action_flag": 1, "change_message": "[{\"added\": {}}]"}}, {"model": "admin.logentry", "pk": 34, "fields": {"action_time": "2022-08-18T21:10:57.468Z", "user": 5, "content_type": 10, "object_id": "5", "object_repr": "2001", "action_flag": 2, "change_message": "[{\"changed\": {\"fields\": [\"Album cover\"]}}]"}}, {"model": "admin.logentry", "pk": 35, "fields": {"action_time": "2022-08-18T22:12:02.191Z", "user": 5, "content_type": 9, "object_id": "15", "object_repr": "All eyez on me reviewed by Madzia", "action_flag": 3, "change_message": ""}}, {"model": "admin.logentry", "pk": 36, "fields": {"action_time": "2022-08-18T22:12:02.198Z", "user": 5, "content_type": 9, "object_id": "14", "object_repr": "2001 reviewed by Madzia", "action_flag": 3, "change_message": ""}}, {"model": "admin.logentry", "pk": 37, "fields": {"action_time": "2022-08-18T22:12:02.201Z", "user": 5, "content_type": 9, "object_id": "13", "object_repr": "2001 reviewed by Madzia", "action_flag": 3, "change_message": ""}}, {"model": "admin.logentry", "pk": 38, "fields": {"action_time": "2022-08-18T22:12:02.204Z", "user": 5, "content_type": 9, "object_id": "12", "object_repr": "2001 reviewed by Madzia", "action_flag": 3, "change_message": ""}}, {"model": "admin.logentry", "pk": 39, "fields": {"action_time": "2022-08-18T22:12:02.206Z", "user": 5, "content_type": 9, "object_id": "11", "object_repr": "2001 reviewed by Madzia", "action_flag": 3, "change_message": ""}}, {"model": "admin.logentry", "pk": 40, "fields": {"action_time": "2022-08-18T22:12:02.208Z", "user": 5, "content_type": 9, "object_id": "10", "object_repr": "2001 reviewed by Madzia", "action_flag": 3, "change_message": ""}}, {"model": "admin.logentry", "pk": 41, "fields": {"action_time": "2022-08-18T22:12:02.210Z", "user": 5, "content_type": 9, "object_id": "9", "object_repr": "2001 reviewed by Madzia", "action_flag": 3, "change_message": ""}}, {"model": "admin.logentry", "pk": 42, "fields": {"action_time": "2022-08-18T22:12:02.213Z", "user": 5, "content_type": 9, "object_id": "8", "object_repr": "2001 reviewed by Madzia", "action_flag": 3, "change_message": ""}}, {"model": "admin.logentry", "pk": 43, "fields": {"action_time": "2022-08-18T22:12:02.215Z", "user": 5, "content_type": 9, "object_id": "7", "object_repr": "2001 reviewed by Madzia", "action_flag": 3, "change_message": ""}}, {"model": "admin.logentry", "pk": 44, "fields": {"action_time": "2022-08-20T10:52:55.603Z", "user": 5, "content_type": 9, "object_id": "16", "object_repr": "All eyez on me reviewed by Madzia", "action_flag": 3, "change_message": ""}}, {"model": "admin.logentry", "pk": 45, "fields": {"action_time": "2022-08-20T11:00:26.932Z", "user": 5, "content_type": 9, "object_id": "17", "object_repr": "Enter the Wu-Tang (36 Chambers) reviewed by Madzia", "action_flag": 3, "change_message": ""}}, {"model": "admin.logentry", "pk": 46, "fields": {"action_time": "2022-08-22T15:24:05.838Z", "user": 5, "content_type": 9, "object_id": "69", "object_repr": "Enter the Wu-Tang (36 Chambers) reviewed by Madzia", "action_flag": 3, "change_message": ""}}, {"model": "admin.logentry", "pk": 47, "fields": {"action_time": "2022-08-22T15:24:05.854Z", "user": 5, "content_type": 9, "object_id": "68", "object_repr": "Enter the Wu-Tang (36 Chambers) reviewed by Madzia", "action_flag": 3, "change_message": ""}}, {"model": "admin.logentry", "pk": 48, "fields": {"action_time": "2022-08-22T15:24:05.858Z", "user": 5, "content_type": 9, "object_id": "67", "object_repr": "Enter the Wu-Tang (36 Chambers) reviewed by Madzia", "action_flag": 3, "change_message": ""}}, {"model": "admin.logentry", "pk": 49, "fields": {"action_time": "2022-08-22T15:24:05.860Z", "user": 5, "content_type": 9, "object_id": "66", "object_repr": "Enter the Wu-Tang (36 Chambers) reviewed by Madzia", "action_flag": 3, "change_message": ""}}, {"model": "admin.logentry", "pk": 50, "fields": {"action_time": "2022-08-22T15:24:05.862Z", "user": 5, "content_type": 9, "object_id": "65", "object_repr": "Enter the Wu-Tang (36 Chambers) reviewed by Madzia", "action_flag": 3, "change_message": ""}}, {"model": "admin.logentry", "pk": 51, "fields": {"action_time": "2022-08-22T15:24:05.865Z", "user": 5, "content_type": 9, "object_id": "64", "object_repr": "Enter the Wu-Tang (36 Chambers) reviewed by Madzia", "action_flag": 3, "change_message": ""}}, {"model": "admin.logentry", "pk": 52, "fields": {"action_time": "2022-08-22T15:24:05.867Z", "user": 5, "content_type": 9, "object_id": "63", "object_repr": "Enter the Wu-Tang (36 Chambers) reviewed by Madzia", "action_flag": 3, "change_message": ""}}, {"model": "admin.logentry", "pk": 53, "fields": {"action_time": "2022-08-22T15:24:05.869Z", "user": 5, "content_type": 9, "object_id": "62", "object_repr": "Enter the Wu-Tang (36 Chambers) reviewed by Madzia", "action_flag": 3, "change_message": ""}}, {"model": "admin.logentry", "pk": 54, "fields": {"action_time": "2022-08-22T15:24:05.871Z", "user": 5, "content_type": 9, "object_id": "61", "object_repr": "Enter the Wu-Tang (36 Chambers) reviewed by Madzia", "action_flag": 3, "change_message": ""}}, {"model": "admin.logentry", "pk": 55, "fields": {"action_time": "2022-08-22T15:24:05.873Z", "user": 5, "content_type": 9, "object_id": "60", "object_repr": "Enter the Wu-Tang (36 Chambers) reviewed by Madzia", "action_flag": 3, "change_message": ""}}, {"model": "admin.logentry", "pk": 56, "fields": {"action_time": "2022-08-22T15:24:05.876Z", "user": 5, "content_type": 9, "object_id": "59", "object_repr": "Enter the Wu-Tang (36 Chambers) reviewed by Madzia", "action_flag": 3, "change_message": ""}}, {"model": "admin.logentry", "pk": 57, "fields": {"action_time": "2022-08-22T15:24:05.878Z", "user": 5, "content_type": 9, "object_id": "58", "object_repr": "Enter the Wu-Tang (36 Chambers) reviewed by Madzia", "action_flag": 3, "change_message": ""}}, {"model": "admin.logentry", "pk": 58, "fields": {"action_time": "2022-08-22T15:24:05.880Z", "user": 5, "content_type": 9, "object_id": "57", "object_repr": "Enter the Wu-Tang (36 Chambers) reviewed by Madzia", "action_flag": 3, "change_message": ""}}, {"model": "admin.logentry", "pk": 59, "fields": {"action_time": "2022-08-22T15:24:05.882Z", "user": 5, "content_type": 9, "object_id": "56", "object_repr": "Enter the Wu-Tang (36 Chambers) reviewed by Madzia", "action_flag": 3, "change_message": ""}}, {"model": "admin.logentry", "pk": 60, "fields": {"action_time": "2022-08-22T15:25:14.220Z", "user": 5, "content_type": 9, "object_id": "55", "object_repr": "Enter the Wu-Tang (36 Chambers) reviewed by Madzia", "action_flag": 3, "change_message": ""}}, {"model": "admin.logentry", "pk": 61, "fields": {"action_time": "2022-08-22T15:25:14.235Z", "user": 5, "content_type": 9, "object_id": "54", "object_repr": "Enter the Wu-Tang (36 Chambers) reviewed by Madzia", "action_flag": 3, "change_message": ""}}, {"model": "admin.logentry", "pk": 62, "fields": {"action_time": "2022-08-22T15:25:14.238Z", "user": 5, "content_type": 9, "object_id": "53", "object_repr": "Enter the Wu-Tang (36 Chambers) reviewed by Madzia", "action_flag": 3, "change_message": ""}}, {"model": "admin.logentry", "pk": 63, "fields": {"action_time": "2022-08-22T15:25:14.240Z", "user": 5, "content_type": 9, "object_id": "52", "object_repr": "Enter the Wu-Tang (36 Chambers) reviewed by Madzia", "action_flag": 3, "change_message": ""}}, {"model": "admin.logentry", "pk": 64, "fields": {"action_time": "2022-08-22T15:25:14.242Z", "user": 5, "content_type": 9, "object_id": "51", "object_repr": "Enter the Wu-Tang (36 Chambers) reviewed by Madzia", "action_flag": 3, "change_message": ""}}, {"model": "admin.logentry", "pk": 65, "fields": {"action_time": "2022-08-22T15:25:14.245Z", "user": 5, "content_type": 9, "object_id": "50", "object_repr": "Enter the Wu-Tang (36 Chambers) reviewed by Madzia", "action_flag": 3, "change_message": ""}}, {"model": "admin.logentry", "pk": 66, "fields": {"action_time": "2022-08-22T15:25:14.247Z", "user": 5, "content_type": 9, "object_id": "49", "object_repr": "Enter the Wu-Tang (36 Chambers) reviewed by Madzia", "action_flag": 3, "change_message": ""}}, {"model": "admin.logentry", "pk": 67, "fields": {"action_time": "2022-08-22T15:25:14.251Z", "user": 5, "content_type": 9, "object_id": "48", "object_repr": "Enter the Wu-Tang (36 Chambers) reviewed by Madzia", "action_flag": 3, "change_message": ""}}, {"model": "admin.logentry", "pk": 68, "fields": {"action_time": "2022-08-22T15:25:14.253Z", "user": 5, "content_type": 9, "object_id": "47", "object_repr": "Enter the Wu-Tang (36 Chambers) reviewed by Madzia", "action_flag": 3, "change_message": ""}}, {"model": "admin.logentry", "pk": 69, "fields": {"action_time": "2022-08-22T15:25:14.255Z", "user": 5, "content_type": 9, "object_id": "46", "object_repr": "Enter the Wu-Tang (36 Chambers) reviewed by Madzia", "action_flag": 3, "change_message": ""}}, {"model": "admin.logentry", "pk": 70, "fields": {"action_time": "2022-08-22T15:25:14.258Z", "user": 5, "content_type": 9, "object_id": "45", "object_repr": "Enter the Wu-Tang (36 Chambers) reviewed by Madzia", "action_flag": 3, "change_message": ""}}, {"model": "admin.logentry", "pk": 71, "fields": {"action_time": "2022-08-22T15:25:14.261Z", "user": 5, "content_type": 9, "object_id": "44", "object_repr": "Enter the Wu-Tang (36 Chambers) reviewed by Madzia", "action_flag": 3, "change_message": ""}}, {"model": "admin.logentry", "pk": 72, "fields": {"action_time": "2022-08-22T15:25:14.263Z", "user": 5, "content_type": 9, "object_id": "43", "object_repr": "Enter the Wu-Tang (36 Chambers) reviewed by Madzia", "action_flag": 3, "change_message": ""}}, {"model": "admin.logentry", "pk": 73, "fields": {"action_time": "2022-08-22T15:25:14.265Z", "user": 5, "content_type": 9, "object_id": "42", "object_repr": "Enter the Wu-Tang (36 Chambers) reviewed by Madzia", "action_flag": 3, "change_message": ""}}, {"model": "admin.logentry", "pk": 74, "fields": {"action_time": "2022-08-22T15:25:14.267Z", "user": 5, "content_type": 9, "object_id": "41", "object_repr": "Enter the Wu-Tang (36 Chambers) reviewed by Madzia", "action_flag": 3, "change_message": ""}}, {"model": "admin.logentry", "pk": 75, "fields": {"action_time": "2022-08-22T15:25:14.269Z", "user": 5, "content_type": 9, "object_id": "40", "object_repr": "Enter the Wu-Tang (36 Chambers) reviewed by Madzia", "action_flag": 3, "change_message": ""}}, {"model": "admin.logentry", "pk": 76, "fields": {"action_time": "2022-08-22T15:25:14.272Z", "user": 5, "content_type": 9, "object_id": "39", "object_repr": "Enter the Wu-Tang (36 Chambers) reviewed by Madzia", "action_flag": 3, "change_message": ""}}, {"model": "admin.logentry", "pk": 77, "fields": {"action_time": "2022-08-22T15:25:14.274Z", "user": 5, "content_type": 9, "object_id": "38", "object_repr": "Enter the Wu-Tang (36 Chambers) reviewed by Madzia", "action_flag": 3, "change_message": ""}}, {"model": "admin.logentry", "pk": 78, "fields": {"action_time": "2022-08-22T15:25:14.276Z", "user": 5, "content_type": 9, "object_id": "37", "object_repr": "Enter the Wu-Tang (36 Chambers) reviewed by Madzia", "action_flag": 3, "change_message": ""}}, {"model": "admin.logentry", "pk": 79, "fields": {"action_time": "2022-08-22T15:25:14.278Z", "user": 5, "content_type": 9, "object_id": "36", "object_repr": "Enter the Wu-Tang (36 Chambers) reviewed by Madzia", "action_flag": 3, "change_message": ""}}, {"model": "admin.logentry", "pk": 80, "fields": {"action_time": "2022-08-22T15:25:14.280Z", "user": 5, "content_type": 9, "object_id": "35", "object_repr": "Enter the Wu-Tang (36 Chambers) reviewed by Madzia", "action_flag": 3, "change_message": ""}}, {"model": "admin.logentry", "pk": 81, "fields": {"action_time": "2022-08-22T15:25:14.283Z", "user": 5, "content_type": 9, "object_id": "34", "object_repr": "Enter the Wu-Tang (36 Chambers) reviewed by Madzia", "action_flag": 3, "change_message": ""}}, {"model": "admin.logentry", "pk": 82, "fields": {"action_time": "2022-08-22T15:25:14.285Z", "user": 5, "content_type": 9, "object_id": "33", "object_repr": "Enter the Wu-Tang (36 Chambers) reviewed by Madzia", "action_flag": 3, "change_message": ""}}, {"model": "admin.logentry", "pk": 83, "fields": {"action_time": "2022-08-22T15:25:14.287Z", "user": 5, "content_type": 9, "object_id": "32", "object_repr": "Enter the Wu-Tang (36 Chambers) reviewed by Madzia", "action_flag": 3, "change_message": ""}}, {"model": "admin.logentry", "pk": 84, "fields": {"action_time": "2022-08-22T15:25:14.290Z", "user": 5, "content_type": 9, "object_id": "31", "object_repr": "Enter the Wu-Tang (36 Chambers) reviewed by Madzia", "action_flag": 3, "change_message": ""}}, {"model": "admin.logentry", "pk": 85, "fields": {"action_time": "2022-08-22T15:25:14.293Z", "user": 5, "content_type": 9, "object_id": "30", "object_repr": "Enter the Wu-Tang (36 Chambers) reviewed by Madzia", "action_flag": 3, "change_message": ""}}, {"model": "admin.logentry", "pk": 86, "fields": {"action_time": "2022-08-22T15:25:14.295Z", "user": 5, "content_type": 9, "object_id": "29", "object_repr": "Enter the Wu-Tang (36 Chambers) reviewed by Madzia", "action_flag": 3, "change_message": ""}}, {"model": "admin.logentry", "pk": 87, "fields": {"action_time": "2022-08-22T15:25:14.297Z", "user": 5, "content_type": 9, "object_id": "28", "object_repr": "Enter the Wu-Tang (36 Chambers) reviewed by Madzia", "action_flag": 3, "change_message": ""}}, {"model": "admin.logentry", "pk": 88, "fields": {"action_time": "2022-08-22T15:25:14.300Z", "user": 5, "content_type": 9, "object_id": "27", "object_repr": "Enter the Wu-Tang (36 Chambers) reviewed by Madzia", "action_flag": 3, "change_message": ""}}, {"model": "admin.logentry", "pk": 89, "fields": {"action_time": "2022-08-22T15:25:14.302Z", "user": 5, "content_type": 9, "object_id": "26", "object_repr": "Enter the Wu-Tang (36 Chambers) reviewed by Madzia", "action_flag": 3, "change_message": ""}}, {"model": "admin.logentry", "pk": 90, "fields": {"action_time": "2022-08-22T15:25:14.304Z", "user": 5, "content_type": 9, "object_id": "25", "object_repr": "Enter the Wu-Tang (36 Chambers) reviewed by Madzia", "action_flag": 3, "change_message": ""}}, {"model": "admin.logentry", "pk": 91, "fields": {"action_time": "2022-08-22T15:25:14.307Z", "user": 5, "content_type": 9, "object_id": "24", "object_repr": "Enter the Wu-Tang (36 Chambers) reviewed by Madzia", "action_flag": 3, "change_message": ""}}, {"model": "admin.logentry", "pk": 92, "fields": {"action_time": "2022-08-22T15:25:14.310Z", "user": 5, "content_type": 9, "object_id": "23", "object_repr": "Enter the Wu-Tang (36 Chambers) reviewed by Madzia", "action_flag": 3, "change_message": ""}}, {"model": "admin.logentry", "pk": 93, "fields": {"action_time": "2022-08-22T15:25:14.312Z", "user": 5, "content_type": 9, "object_id": "22", "object_repr": "Enter the Wu-Tang (36 Chambers) reviewed by Madzia", "action_flag": 3, "change_message": ""}}, {"model": "admin.logentry", "pk": 94, "fields": {"action_time": "2022-08-22T15:25:14.314Z", "user": 5, "content_type": 9, "object_id": "21", "object_repr": "Enter the Wu-Tang (36 Chambers) reviewed by Madzia", "action_flag": 3, "change_message": ""}}, {"model": "admin.logentry", "pk": 95, "fields": {"action_time": "2022-08-22T15:25:14.316Z", "user": 5, "content_type": 9, "object_id": "20", "object_repr": "Enter the Wu-Tang (36 Chambers) reviewed by Madzia", "action_flag": 3, "change_message": ""}}, {"model": "admin.logentry", "pk": 96, "fields": {"action_time": "2022-08-22T15:25:14.319Z", "user": 5, "content_type": 9, "object_id": "19", "object_repr": "Enter the Wu-Tang (36 Chambers) reviewed by Madzia", "action_flag": 3, "change_message": ""}}, {"model": "admin.logentry", "pk": 97, "fields": {"action_time": "2022-08-22T15:25:14.321Z", "user": 5, "content_type": 9, "object_id": "18", "object_repr": "Enter the Wu-Tang (36 Chambers) reviewed by Madzia", "action_flag": 3, "change_message": ""}}, {"model": "admin.logentry", "pk": 98, "fields": {"action_time": "2022-08-24T21:37:32.659Z", "user": 3, "content_type": 4, "object_id": "5", "object_repr": "Madzia", "action_flag": 2, "change_message": "[{\"changed\": {\"fields\": [\"Email address\", \"Last login\"]}}]"}}, {"model": "admin.logentry", "pk": 99, "fields": {"action_time": "2022-08-31T11:03:47.431Z", "user": 1, "content_type": 16, "object_id": "1", "object_repr": "Album Discussion", "action_flag": 1, "change_message": "[{\"added\": {}}]"}}, {"model": "admin.logentry", "pk": 100, "fields": {"action_time": "2022-08-31T11:15:58.559Z", "user": 1, "content_type": 12, "object_id": "1", "object_repr": "127.0.0.1:8000", "action_flag": 2, "change_message": "[{\"changed\": {\"fields\": [\"Domain name\", \"Display name\"]}}]"}}, {"model": "admin.logentry", "pk": 101, "fields": {"action_time": "2022-08-31T11:16:12.959Z", "user": 1, "content_type": 16, "object_id": "1", "object_repr": "Album Discussion", "action_flag": 2, "change_message": "[{\"changed\": {\"fields\": [\"Sites\"]}}]"}}, {"model": "admin.logentry", "pk": 102, "fields": {"action_time": "2022-08-31T14:14:51.569Z", "user": 1, "content_type": 4, "object_id": "7", "object_repr": "ger2", "action_flag": 3, "change_message": ""}}, {"model": "admin.logentry", "pk": 103, "fields": {"action_time": "2022-08-31T14:18:32.305Z", "user": 1, "content_type": 4, "object_id": "8", "object_repr": "gertest", "action_flag": 2, "change_message": "[{\"changed\": {\"fields\": [\"Username\"]}}]"}}, {"model": "admin.logentry", "pk": 104, "fields": {"action_time": "2022-08-31T14:18:48.119Z", "user": 1, "content_type": 18, "object_id": "2", "object_repr": "gertest's Profile", "action_flag": 3, "change_message": ""}}, {"model": "admin.logentry", "pk": 105, "fields": {"action_time": "2022-08-31T14:51:48.268Z", "user": 1, "content_type": 4, "object_id": "8", "object_repr": "gertest", "action_flag": 3, "change_message": ""}}, {"model": "admin.logentry", "pk": 106, "fields": {"action_time": "2022-08-31T15:00:22.268Z", "user": 1, "content_type": 18, "object_id": "4", "object_repr": "admin2's Profile", "action_flag": 1, "change_message": "[{\"added\": {}}]"}}, {"model": "admin.logentry", "pk": 107, "fields": {"action_time": "2022-09-04T10:28:37.102Z", "user": 1, "content_type": 18, "object_id": "4", "object_repr": "admin2's Profile", "action_flag": 2, "change_message": "[{\"changed\": {\"fields\": [\"Profile pic\"]}}]"}}, {"model": "admin.logentry", "pk": 108, "fields": {"action_time": "2022-09-04T10:56:56.375Z", "user": 1, "content_type": 18, "object_id": "5", "object_repr": "Madzia's Profile", "action_flag": 1, "change_message": "[{\"added\": {}}]"}}, {"model": "admin.logentry", "pk": 109, "fields": {"action_time": "2022-09-28T20:08:53.009Z", "user": 1, "content_type": 18, "object_id": "3", "object_repr": "ger6's Profile", "action_flag": 2, "change_message": "[{\"changed\": {\"fields\": [\"Follow\", \"Favourite genre\"]}}]"}}, {"model": "auth.permission", "pk": 1, "fields": {"name": "Can add log entry", "content_type": 1, "codename": "add_logentry"}}, {"model": "auth.permission", "pk": 2, "fields": {"name": "Can change log entry", "content_type": 1, "codename": "change_logentry"}}, {"model": "auth.permission", "pk": 3, "fields": {"name": "Can delete log entry", "content_type": 1, "codename": "delete_logentry"}}, {"model": "auth.permission", "pk": 4, "fields": {"name": "Can view log entry", "content_type": 1, "codename": "view_logentry"}}, {"model": "auth.permission", "pk": 5, "fields": {"name": "Can add permission", "content_type": 2, "codename": "add_permission"}}, {"model": "auth.permission", "pk": 6, "fields": {"name": "Can change permission", "content_type": 2, "codename": "change_permission"}}, {"model": "auth.permission", "pk": 7, "fields": {"name": "Can delete permission", "content_type": 2, "codename": "delete_permission"}}, {"model": "auth.permission", "pk": 8, "fields": {"name": "Can view permission", "content_type": 2, "codename": "view_permission"}}, {"model": "auth.permission", "pk": 9, "fields": {"name": "Can add group", "content_type": 3, "codename": "add_group"}}, {"model": "auth.permission", "pk": 10, "fields": {"name": "Can change group", "content_type": 3, "codename": "change_group"}}, {"model": "auth.permission", "pk": 11, "fields": {"name": "Can delete group", "content_type": 3, "codename": "delete_group"}}, {"model": "auth.permission", "pk": 12, "fields": {"name": "Can view group", "content_type": 3, "codename": "view_group"}}, {"model": "auth.permission", "pk": 13, "fields": {"name": "Can add user", "content_type": 4, "codename": "add_user"}}, {"model": "auth.permission", "pk": 14, "fields": {"name": "Can change user", "content_type": 4, "codename": "change_user"}}, {"model": "auth.permission", "pk": 15, "fields": {"name": "Can delete user", "content_type": 4, "codename": "delete_user"}}, {"model": "auth.permission", "pk": 16, "fields": {"name": "Can view user", "content_type": 4, "codename": "view_user"}}, {"model": "auth.permission", "pk": 17, "fields": {"name": "Can add content type", "content_type": 5, "codename": "add_contenttype"}}, {"model": "auth.permission", "pk": 18, "fields": {"name": "Can change content type", "content_type": 5, "codename": "change_contenttype"}}, {"model": "auth.permission", "pk": 19, "fields": {"name": "Can delete content type", "content_type": 5, "codename": "delete_contenttype"}}, {"model": "auth.permission", "pk": 20, "fields": {"name": "Can view content type", "content_type": 5, "codename": "view_contenttype"}}, {"model": "auth.permission", "pk": 21, "fields": {"name": "Can add session", "content_type": 6, "codename": "add_session"}}, {"model": "auth.permission", "pk": 22, "fields": {"name": "Can change session", "content_type": 6, "codename": "change_session"}}, {"model": "auth.permission", "pk": 23, "fields": {"name": "Can delete session", "content_type": 6, "codename": "delete_session"}}, {"model": "auth.permission", "pk": 24, "fields": {"name": "Can view session", "content_type": 6, "codename": "view_session"}}, {"model": "auth.permission", "pk": 25, "fields": {"name": "Can add record company", "content_type": 7, "codename": "add_recordcompany"}}, {"model": "auth.permission", "pk": 26, "fields": {"name": "Can change record company", "content_type": 7, "codename": "change_recordcompany"}}, {"model": "auth.permission", "pk": 27, "fields": {"name": "Can delete record company", "content_type": 7, "codename": "delete_recordcompany"}}, {"model": "auth.permission", "pk": 28, "fields": {"name": "Can view record company", "content_type": 7, "codename": "view_recordcompany"}}, {"model": "auth.permission", "pk": 29, "fields": {"name": "Can add genre", "content_type": 8, "codename": "add_genre"}}, {"model": "auth.permission", "pk": 30, "fields": {"name": "Can change genre", "content_type": 8, "codename": "change_genre"}}, {"model": "auth.permission", "pk": 31, "fields": {"name": "Can delete genre", "content_type": 8, "codename": "delete_genre"}}, {"model": "auth.permission", "pk": 32, "fields": {"name": "Can view genre", "content_type": 8, "codename": "view_genre"}}, {"model": "auth.permission", "pk": 33, "fields": {"name": "Can add review", "content_type": 9, "codename": "add_review"}}, {"model": "auth.permission", "pk": 34, "fields": {"name": "Can change review", "content_type": 9, "codename": "change_review"}}, {"model": "auth.permission", "pk": 35, "fields": {"name": "Can delete review", "content_type": 9, "codename": "delete_review"}}, {"model": "auth.permission", "pk": 36, "fields": {"name": "Can view review", "content_type": 9, "codename": "view_review"}}, {"model": "auth.permission", "pk": 37, "fields": {"name": "Can add album", "content_type": 10, "codename": "add_album"}}, {"model": "auth.permission", "pk": 38, "fields": {"name": "Can change album", "content_type": 10, "codename": "change_album"}}, {"model": "auth.permission", "pk": 39, "fields": {"name": "Can delete album", "content_type": 10, "codename": "delete_album"}}, {"model": "auth.permission", "pk": 40, "fields": {"name": "Can view album", "content_type": 10, "codename": "view_album"}}, {"model": "auth.permission", "pk": 41, "fields": {"name": "Can add artist", "content_type": 11, "codename": "add_artist"}}, {"model": "auth.permission", "pk": 42, "fields": {"name": "Can change artist", "content_type": 11, "codename": "change_artist"}}, {"model": "auth.permission", "pk": 43, "fields": {"name": "Can delete artist", "content_type": 11, "codename": "delete_artist"}}, {"model": "auth.permission", "pk": 44, "fields": {"name": "Can view artist", "content_type": 11, "codename": "view_artist"}}, {"model": "auth.permission", "pk": 45, "fields": {"name": "Can add site", "content_type": 12, "codename": "add_site"}}, {"model": "auth.permission", "pk": 46, "fields": {"name": "Can change site", "content_type": 12, "codename": "change_site"}}, {"model": "auth.permission", "pk": 47, "fields": {"name": "Can delete site", "content_type": 12, "codename": "delete_site"}}, {"model": "auth.permission", "pk": 48, "fields": {"name": "Can view site", "content_type": 12, "codename": "view_site"}}, {"model": "auth.permission", "pk": 49, "fields": {"name": "Can add email address", "content_type": 13, "codename": "add_emailaddress"}}, {"model": "auth.permission", "pk": 50, "fields": {"name": "Can change email address", "content_type": 13, "codename": "change_emailaddress"}}, {"model": "auth.permission", "pk": 51, "fields": {"name": "Can delete email address", "content_type": 13, "codename": "delete_emailaddress"}}, {"model": "auth.permission", "pk": 52, "fields": {"name": "Can view email address", "content_type": 13, "codename": "view_emailaddress"}}, {"model": "auth.permission", "pk": 53, "fields": {"name": "Can add email confirmation", "content_type": 14, "codename": "add_emailconfirmation"}}, {"model": "auth.permission", "pk": 54, "fields": {"name": "Can change email confirmation", "content_type": 14, "codename": "change_emailconfirmation"}}, {"model": "auth.permission", "pk": 55, "fields": {"name": "Can delete email confirmation", "content_type": 14, "codename": "delete_emailconfirmation"}}, {"model": "auth.permission", "pk": 56, "fields": {"name": "Can view email confirmation", "content_type": 14, "codename": "view_emailconfirmation"}}, {"model": "auth.permission", "pk": 57, "fields": {"name": "Can add social account", "content_type": 15, "codename": "add_socialaccount"}}, {"model": "auth.permission", "pk": 58, "fields": {"name": "Can change social account", "content_type": 15, "codename": "change_socialaccount"}}, {"model": "auth.permission", "pk": 59, "fields": {"name": "Can delete social account", "content_type": 15, "codename": "delete_socialaccount"}}, {"model": "auth.permission", "pk": 60, "fields": {"name": "Can view social account", "content_type": 15, "codename": "view_socialaccount"}}, {"model": "auth.permission", "pk": 61, "fields": {"name": "Can add social application", "content_type": 16, "codename": "add_socialapp"}}, {"model": "auth.permission", "pk": 62, "fields": {"name": "Can change social application", "content_type": 16, "codename": "change_socialapp"}}, {"model": "auth.permission", "pk": 63, "fields": {"name": "Can delete social application", "content_type": 16, "codename": "delete_socialapp"}}, {"model": "auth.permission", "pk": 64, "fields": {"name": "Can view social application", "content_type": 16, "codename": "view_socialapp"}}, {"model": "auth.permission", "pk": 65, "fields": {"name": "Can add social application token", "content_type": 17, "codename": "add_socialtoken"}}, {"model": "auth.permission", "pk": 66, "fields": {"name": "Can change social application token", "content_type": 17, "codename": "change_socialtoken"}}, {"model": "auth.permission", "pk": 67, "fields": {"name": "Can delete social application token", "content_type": 17, "codename": "delete_socialtoken"}}, {"model": "auth.permission", "pk": 68, "fields": {"name": "Can view social application token", "content_type": 17, "codename": "view_socialtoken"}}, {"model": "auth.permission", "pk": 69, "fields": {"name": "Can add profile", "content_type": 18, "codename": "add_profile"}}, {"model": "auth.permission", "pk": 70, "fields": {"name": "Can change profile", "content_type": 18, "codename": "change_profile"}}, {"model": "auth.permission", "pk": 71, "fields": {"name": "Can delete profile", "content_type": 18, "codename": "delete_profile"}}, {"model": "auth.permission", "pk": 72, "fields": {"name": "Can view profile", "content_type": 18, "codename": "view_profile"}}, {"model": "auth.group", "pk": 1, "fields": {"name": "User Admin Help", "permissions": [4, 8, 14, 16]}}, {"model": "auth.user", "pk": 1, "fields": {"password": "pbkdf2_sha256$260000$dhUJiyvmAhMAXqIXOg2RNb$A2CjAe87FN944hiQJpY0EYutqua/DnuaYXHST9FqqWo=", "last_login": "2022-11-09T21:31:52.309Z", "is_superuser": true, "username": "admin2", "first_name": "", "last_name": "", "email": "", "is_staff": true, "is_active": true, "date_joined": "2022-06-11T20:52:18.938Z", "groups": [], "user_permissions": []}}, {"model": "auth.user", "pk": 2, "fields": {"password": "pbkdf2_sha256$260000$aEz9iBI03p0SN8YQLFYiuM$n1Nosb0zp4ThV7uXTmdT9i73wW5XXSly1wLqVrtzQac=", "last_login": null, "is_superuser": false, "username": "mason", "first_name": "Mason", "last_name": "Tobin", "email": "masontobin@example.com", "is_staff": false, "is_active": true, "date_joined": "2022-06-22T08:17:16Z", "groups": [], "user_permissions": []}}, {"model": "auth.user", "pk": 3, "fields": {"password": "pbkdf2_sha256$260000$qxq4eiluJX9nhyvXOjnyLu$CxSWRkE26JyQu3YPRIxlGif4aVeKIIkQfXTXCaH4rEI=", "last_login": "2022-08-24T14:57:37.166Z", "is_superuser": false, "username": "madzia", "first_name": "Madzia", "last_name": "Krupka", "email": "madziakrupka@example.com", "is_staff": true, "is_active": true, "date_joined": "2022-06-22T08:19:04Z", "groups": [1], "user_permissions": []}}, {"model": "auth.user", "pk": 4, "fields": {"password": "pbkdf2_sha256$260000$w9wVZnm1vFmrLKJShzlxlE$OQuGj6ad1M4JIuQd7cA8up6ph9IWW2JPIfxjAh/2jWI=", "last_login": null, "is_superuser": false, "username": "henryk", "first_name": "Henryk", "last_name": "Tobin", "email": "henryktobin@example.com", "is_staff": false, "is_active": true, "date_joined": "2022-06-22T08:20:59Z", "groups": [], "user_permissions": []}}, {"model": "auth.user", "pk": 5, "fields": {"password": "pbkdf2_sha256$260000$D4eMw9N19XtE4MkMm4a9Ug$1Ste3F/sz7MAseqE5iEOLdqmyULFRqynN8bza0Rw5A4=", "last_login": "2022-09-14T15:05:50.864Z", "is_superuser": true, "username": "Madzia", "first_name": "", "last_name": "", "email": "test@test.com", "is_staff": true, "is_active": true, "date_joined": "2022-08-17T19:14:22Z", "groups": [], "user_permissions": []}}, {"model": "auth.user", "pk": 6, "fields": {"password": "!PaGNNcyBKqlrpbHdHOGb2WWhrPsIEaaL0tbK4txE", "last_login": null, "is_superuser": false, "username": "ger", "first_name": "Ger", "last_name": "Tobin", "email": "", "is_staff": false, "is_active": true, "date_joined": "2022-08-31T14:10:43.848Z", "groups": [], "user_permissions": []}}, {"model": "auth.user", "pk": 9, "fields": {"password": "!2rfcyQhfKeJhMWQoDba8lUCjJvI94hOTVjX7mbXH", "last_login": "2022-09-14T11:10:39.702Z", "is_superuser": false, "username": "ger6", "first_name": "Ger", "last_name": "Tobin", "email": "", "is_staff": false, "is_active": true, "date_joined": "2022-08-31T14:52:09.813Z", "groups": [], "user_permissions": []}}, {"model": "auth.user", "pk": 10, "fields": {"password": "pbkdf2_sha256$260000$Z4f5sI6I98BQrBBhd1wgq5$H0PyWdccKjdTf0lTyMok0MKglXtBRD1vsK4fy9zADIo=", "last_login": "2022-09-12T18:34:52.728Z", "is_superuser": false, "username": "Mason2", "first_name": "", "last_name": "", "email": "", "is_staff": false, "is_active": true, "date_joined": "2022-09-12T18:34:52.571Z", "groups": [], "user_permissions": []}}, {"model": "auth.user", "pk": 11, "fields": {"password": "pbkdf2_sha256$260000$sjeh6lu9xTXPu8HHItEgBA$uQin8Lgf7u+rtA5pNUFSrkjJBWSZ0qYwz6Cn307dfAQ=", "last_login": "2022-09-15T14:49:46.425Z", "is_superuser": false, "username": "Chris", "first_name": "", "last_name": "", "email": "", "is_staff": false, "is_active": true, "date_joined": "2022-09-14T08:11:48.493Z", "groups": [], "user_permissions": []}}, {"model": "auth.user", "pk": 12, "fields": {"password": "pbkdf2_sha256$260000$yc0Bi0EV2b3vde8miTMqjD$prDbeibCl0Q076LTP/CiSLDyBeKYLazTX62SL7NuaLI=", "last_login": "2022-09-14T08:19:04.831Z", "is_superuser": false, "username": "Donal", "first_name": "", "last_name": "", "email": "", "is_staff": false, "is_active": true, "date_joined": "2022-09-14T08:19:04.694Z", "groups": [], "user_permissions": []}}, {"model": "contenttypes.contenttype", "pk": 1, "fields": {"app_label": "admin", "model": "logentry"}}, {"model": "contenttypes.contenttype", "pk": 2, "fields": {"app_label": "auth", "model": "permission"}}, {"model": "contenttypes.contenttype", "pk": 3, "fields": {"app_label": "auth", "model": "group"}}, {"model": "contenttypes.contenttype", "pk": 4, "fields": {"app_label": "auth", "model": "user"}}, {"model": "contenttypes.contenttype", "pk": 5, "fields": {"app_label": "contenttypes", "model": "contenttype"}}, {"model": "contenttypes.contenttype", "pk": 6, "fields": {"app_label": "sessions", "model": "session"}}, {"model": "contenttypes.contenttype", "pk": 7, "fields": {"app_label": "reviews", "model": "recordcompany"}}, {"model": "contenttypes.contenttype", "pk": 8, "fields": {"app_label": "reviews", "model": "genre"}}, {"model": "contenttypes.contenttype", "pk": 9, "fields": {"app_label": "reviews", "model": "review"}}, {"model": "contenttypes.contenttype", "pk": 10, "fields": {"app_label": "reviews", "model": "album"}}, {"model": "contenttypes.contenttype", "pk": 11, "fields": {"app_label": "reviews", "model": "artist"}}, {"model": "contenttypes.contenttype", "pk": 12, "fields": {"app_label": "sites", "model": "site"}}, {"model": "contenttypes.contenttype", "pk": 13, "fields": {"app_label": "account", "model": "emailaddress"}}, {"model": "contenttypes.contenttype", "pk": 14, "fields": {"app_label": "account", "model": "emailconfirmation"}}, {"model": "contenttypes.contenttype", "pk": 15, "fields": {"app_label": "socialaccount", "model": "socialaccount"}}, {"model": "contenttypes.contenttype", "pk": 16, "fields": {"app_label": "socialaccount", "model": "socialapp"}}, {"model": "contenttypes.contenttype", "pk": 17, "fields": {"app_label": "socialaccount", "model": "socialtoken"}}, {"model": "contenttypes.contenttype", "pk": 18, "fields": {"app_label": "profiles", "model": "profile"}}, {"model": "sessions.session", "pk": "1cplfbn2mutij04vmi1wrchuijofm9o0", "fields": {"session_data": ".eJxVjEEOwiAQRe_C2hAoGVpcuvcMZJgZpGogKe3KeHdt0oVu_3vvv1TEbS1x67LEmdVZgTr9bgnpIXUHfMd6a5paXZc56V3RB-362liel8P9OyjYy7fOFgmNC5bckDwAcQBmYmCbR0AZBdHwwJmMRyEzeUwQJgMuBBKL6v0BFBo5FQ:1oQziF:dOumfuJnKH_EHKn0Vc1PBWfs82ECVpDIWE01zYd_WrA", "expire_date": "2022-09-07T23:23:07.936Z"}}, {"model": "sessions.session", "pk": "1pa72gnq6iwlrbkgxnz330fg9zt9zdyz", "fields": {"session_data": ".eJxVjMsOgjAURP-la9O0XlrBpXu-gdzeh6CmTSisjP8uJCx0OXPOzNsMuC7jsFaZh4nN1QRz-u0S0lPyDviB-V4slbzMU7K7Yg9abV9YXrfD_TsYsY7bOpGKR9c0IuhVZcupVfBRXUfRddF7FQYMMTQRL9wCOICWEjDR2bP5fAEgUTjk:1oQzcx:MNgEwTPxmOhIUOhkv4dMoxb6cVBGCoXZp5PSRhYYgIE", "expire_date": "2022-09-07T23:17:39.446Z"}}, {"model": "sessions.session", "pk": "5pxs2sbh0zovefww4v7m281uy07eqsbr", "fields": {"session_data": ".eJxVjEEOwiAQRe_C2hAYaCku3XsGMjCDVA0kpV0Z765NutDtf-_9lwi4rSVsnZcwkzgLLU6_W8T04LoDumO9NZlaXZc5yl2RB-3y2oifl8P9OyjYy7cGGh14RGM4s0oqMlqj0SJ6xaPPg3fORTtNmqLymJzWpDS4ASxZgCzeH-pfN5E:1o497M:3CIeBMPrhEra4F6oiOiakJViwENSvLBT9L096DJt98A", "expire_date": "2022-07-06T22:46:36.520Z"}}, {"model": "sessions.session", "pk": "980u7396kbdfy3nxllwzimfzwfsffaio", "fields": {"session_data": "e30:1oTLP8:ckyGrLzr-xlAtNOTxIMT0jU8HCwnoJIT79i3nDnl59Y", "expire_date": "2022-09-14T10:57:06.536Z"}}, {"model": "sessions.session", "pk": "p4ikst20zawio7v61paxwm1s3cy54vue", "fields": {"session_data": "e30:1oTLNr:nuHVB-4P4MnMUsSSiPeG8e2j8pD4xc6vDIrk9zh-JvU", "expire_date": "2022-09-14T10:55:47.667Z"}}, {"model": "sessions.session", "pk": "prrjrylpkrk67s1zosq8hojikyborq65", "fields": {"session_data": ".eJxVj09LxDAUxL9KeCeFWJL037a3VTwI6kn0UJby0rxu47apJO3qKn53W9jDehtmfjMwP1DjPHX1HMjX1kAJEvilp7E5kFsD845uP0bN6CZvdbQi0TkN0dNoqL89s_8GOgzd0lYmy1WBGMfUkmiEJkxiiQliISgr2rTI81wnm400WhTY5FIaIVWeqsQkSrXraKAQ7Ohq-vqw_gSl4HC09Emmxl7PQ4CyqhIOjw8HYlv2av3eOtjxKuWghJCrVBy2fc_oRN9sdGyg1ZQc7t1Enk0dsbf55mU5yq7ijN11OGjy4XqlMg7PdCQ_2OXibvf7ByAEZNc:1odfrm:S12TMCx3Sz4vXsfgC0EQ0CeK6g5FwuDWdZ8ULqM9yS8", "expire_date": "2022-10-12T22:49:22.394Z"}}, {"model": "sessions.session", "pk": "v9cxmvi8g979worhx2rvcx73sc9tnihx", "fields": {"session_data": ".eJxVj8FOhDAQhl-lmZMmldDC0oWbmj3qicQDIWRKB6kCNS3grsZ3l9U96HG-_5s_M5_Q4DL3zRLIN9ZAAQL4X6axfaXpHJgXnJ5d1Lpp9lZHZyW6pCF6cIaGu4v7r6DH0G_b0mRK5ohJQh3FbawJ00RgipjHlOXdLldK6XS_F0bHObZKCBMLqXYyNamU3bk0UAjWTQ0d36w_QRFzWC29k2lw0MsYoKiqhEPpWNkTOxxnTyNBzauMwyOt5Ee7XbfNksPtMDA60QdzE_uV1AYXY10YcP0BgsNhmsmzeWt7Wm7K7X92lWTsvsdRkw_XUNdf35C1aMs:1ouabh:asy-Bedb_Fol4aUai78UBKaC9eU7uxmeaH1RnSEm8A0", "expire_date": "2022-11-28T14:38:41.051Z"}}, {"model": "sites.site", "pk": 1, "fields": {"domain": "127.0.0.1:8000", "name": "Dev site"}}, {"model": "account.emailaddress", "pk": 1, "fields": {"user": 5, "email": "test@test.com", "verified": false, "primary": false}}, {"model": "socialaccount.socialapp", "pk": 1, "fields": {"provider": "google", "name": "Album Discussion", "client_id": "645180740843-hstoj8h056lb9vc49q4h3c32cttj2qje.apps.googleusercontent.com", "secret": "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", "key": "", "sites": [1]}}, {"model": "socialaccount.socialaccount", "pk": 3, "fields": {"user": 9, "provider": "google", "uid": "113058996805357794643", "last_login": "2022-09-14T11:10:39.688Z", "date_joined": "2022-08-31T14:52:09.832Z", "extra_data": "{\"id\": \"113058996805357794643\", \"name\": \"Ger Tobin\", \"given_name\": \"Ger\", \"family_name\": \"Tobin\", \"picture\": \"https://lh3.googleusercontent.com/a/AItbvmnAuWT1HrRjH1ZqQ9GPiQjfd8ZAcFcgsCvOYMxN=s96-c\", \"locale\": \"en-GB\"}"}}, {"model": "reviews.recordcompany", "pk": 1, "fields": {"name": "Sony Music Entertainment", "website": "https://www.sonymusic.com/"}}, {"model": "reviews.recordcompany", "pk": 2, "fields": {"name": "Universal Music Publishing Group", "website": "https://www.umusicpub.com/"}}, {"model": "reviews.recordcompany", "pk": 3, "fields": {"name": "Death Row Records", "website": "https://www.deathrowofficial.com/"}}, {"model": "reviews.recordcompany", "pk": 4, "fields": {"name": "Warner Brothers", "website": "https://www.wmg.com/"}}, {"model": "reviews.recordcompany", "pk": 5, "fields": {"name": "Virgin Records", "website": "https://www.virgin.com/virgin-companies/virgin-records"}}, {"model": "reviews.recordcompany", "pk": 6, "fields": {"name": "Aftermath Entertainment", "website": "https://www.aftermathentertainment.com/"}}, {"model": "reviews.recordcompany", "pk": 7, "fields": {"name": "DGC Records", "website": "https://www.interscope.com/"}}, {"model": "reviews.recordcompany", "pk": 8, "fields": {"name": "Interscope Records", "website": "https://www.interscope.com"}}, {"model": "reviews.artist", "pk": 1, "fields": {"name": "Wu-tang Clan", "date_formed": "1992-11-11", "website": "https://wutangclan.com/"}}, {"model": "reviews.artist", "pk": 2, "fields": {"name": "2pac", "date_formed": "1991-01-01", "website": "http://www.2pac.com"}}, {"model": "reviews.artist", "pk": 3, "fields": {"name": "Vaniila Ice", "date_formed": "1989-01-01", "website": "http://www.vanillaice.com"}}, {"model": "reviews.artist", "pk": 4, "fields": {"name": "Madonna", "date_formed": "1983-01-01", "website": "https://www.madonna.com/"}}, {"model": "reviews.artist", "pk": 5, "fields": {"name": "50 Cent", "date_formed": "2000-01-01", "website": "https://50cent.com/"}}, {"model": "reviews.artist", "pk": 6, "fields": {"name": "Dr Dre", "date_formed": "1985-01-01", "website": "https://www.aftermathentertainment.com/"}}, {"model": "reviews.artist", "pk": 7, "fields": {"name": "Eminem", "date_formed": "1998-01-01", "website": "https://www.eminem.com/"}}, {"model": "reviews.artist", "pk": 8, "fields": {"name": "Eminem", "date_formed": "1998-01-01", "website": "https://www.eminem.com/"}}, {"model": "reviews.artist", "pk": 9, "fields": {"name": "test", "date_formed": "2001-01-01", "website": "https://50cent.com/"}}, {"model": "reviews.artist", "pk": 10, "fields": {"name": "test2", "date_formed": "1999-01-01", "website": "https://50cent.com/"}}, {"model": "reviews.artist", "pk": 11, "fields": {"name": "Nirvana", "date_formed": "1987-01-01", "website": "https://www.nirvana.com/"}}, {"model": "reviews.artist", "pk": 12, "fields": {"name": "Audioslave", "date_formed": "2001-01-01", "website": "https://chriscornell.com/"}}, {"model": "reviews.genre", "pk": 1, "fields": {"name": "Hip-Hop"}}, {"model": "reviews.genre", "pk": 2, "fields": {"name": "Pop"}}, {"model": "reviews.genre", "pk": 3, "fields": {"name": "Dance"}}, {"model": "reviews.genre", "pk": 4, "fields": {"name": "Grunge"}}, {"model": "reviews.album", "pk": 1, "fields": {"title": "Enter the Wu-Tang (36 Chambers)", "year_of_release": 1993, "record_company": 1, "album_cover": "album_covers/Wu-TangClanEntertheWu-Tangalbumcover.jpg", "artist": 1, "genre": 1}}, {"model": "reviews.album", "pk": 2, "fields": {"title": "All eyez on me", "year_of_release": 1996, "record_company": 3, "album_cover": "album_covers/Alleyezonme.jpg", "artist": 2, "genre": 1}}, {"model": "reviews.album", "pk": 3, "fields": {"title": "To The Extreme", "year_of_release": 1990, "record_company": 2, "album_cover": "album_covers/Vanilla_Ice-To_the_Extreme_album_cover.jpeg", "artist": 3, "genre": 1}}, {"model": "reviews.album", "pk": 4, "fields": {"title": "LIke A Virgin", "year_of_release": 1984, "record_company": 4, "album_cover": "album_covers/LikeAVirgin1984.png", "artist": 4, "genre": 2}}, {"model": "reviews.album", "pk": 5, "fields": {"title": "2001", "year_of_release": 1999, "record_company": 6, "album_cover": "album_covers/DrDre-2001.jpg", "artist": 6, "genre": 1}}, {"model": "reviews.album", "pk": 6, "fields": {"title": "Nevermind", "year_of_release": 1991, "record_company": 7, "album_cover": "album_covers/NirvanaNevermindalbumcover.jpg", "artist": 11, "genre": 4}}, {"model": "reviews.album", "pk": 7, "fields": {"title": "Audioslave", "year_of_release": 2002, "record_company": 8, "album_cover": "album_covers/audioslavealbum.jpg", "artist": 12, "genre": 4}}, {"model": "reviews.review", "pk": 2, "fields": {"album": 1, "title": "Vintage Hip Hop", "content": "The year is 1992, the place is Staten Island, and a 23-year-old RZA is in the process of masterminding a Hip-Hop collective that will revolutionize both the sound and the business of Hip-Hop forever. The idea was to make a huge crew consisting of razor-sharp MC's who were all capable of being amazing solo artists in their own right, and by having them on separate labels they could diversify their assets so to speak. But they weren't simply going to be artists, they were going to be entrepreneurs all investing in a new brand called: Wu-Tang. This particular brand came from the rugged streets of Shaolin and was paving its own sound and style and creating a worldwide audience that would stretch from the slums of Shaolin to all corners of the globe. And despite being a massively popular movement in the Hip-Hop world, the sound was decidedly rugged, ruff, creative and original to a tee. All of the marks of their unique style are present on '36 Chambers' although they would only continue to develop and mature in all aspects on their subsequent releases.  \r\n\r\nLyrically this is a masterful battle rap album, with hundreds of ferocious bars delivered by some of the hungriest, most talented and creative MC's to ever grab the mic. Drawing on their many inspirations these talented young MC's never cease to entertain with their pop culture references, humor, and raw energy. While the majority of the album's lyrics have the vibe of a cipher on the corner, there are three tracks that stand out lyrically with more of a storytelling style. The first track that uses this approach is the soulful and chilled out track 'Can't It All Be So Simple' which is the first time we get to hear Raekwon and Ghostface team up with their complementary styles. The second track in this mold is the classic C.R.E.A.M. with its famous acronym (Cash Rules Everything Around Me) with its memorable piano loop coupled with 'growing up hard' lyrics by Raekwon and Inspectah Deck, the track is topped off with the classic chorus by Method Man. The last storytelling track is the highly dramatic, and visual 'Tearz' where RZA paints a picture of a traumatic and violent experience on streets, while Ghostface chimes in with a story about HIV/AIDS. Observing the Wu-Tang Clan and the solo projects that followed there is one thing that is blatantly apparent, and that's how the Clan delivered a sound and style that was amazingly original and unorthodox not only lyrically, but certainly on the production side also, where RZA created soundscapes that were catchy, atmospheric, and rugged all while being decidedly non-commercial. That's a mighty hard combination to pull off but the RZA did it with flying colors by creating a style all his own yet still accessible enough to capture audiences across the globe and inspire an entire planet of upcoming Hip-Hop artists to follow his lead. Most of the tracks on '36 Chambers' have a funky and hardcore vibe (something that would be less present on their next album: 1997's 'Wu-Tang Forever'), on this album the strength of the beats is an undeniable catchiness and funky rhythmic quality that suits the high energy rapping perfectly. On the other side of the spectrum the inclusion, 'Can It All Be So Simple\", 'C.R.E.A.M.', 'Tearz' add a melodic and relaxed element that rounds out the album's hardcore street battle atmosphere.\r\n\r\nAdding to the charm of the album are the skits, the most famous one being the 'Torture Skit' where Raekwon and Method Man try to out-do each other in creating the most excruciating torture scenarios. They do a great job at this and the skit is both horrific and hilarious to listen to, undoubtedly making it one of Hip-Hop's classic skits. The album actually has several smaller skits scattered throughout the tracklist making this a very good skit album also.\r\nAfter it's release late in 1993, the album peaked at 41 on the Billboard charts and wasn't certified platinum until May 15, 1995. So it was game-changer despite being a slow burner saleswise. Nonetheless, it was the firecracker that set off a stream of rapid releases from '94-'97, which were all produced by RZA and each with their unique sounds. An amazing start for Hip-Hop's most exciting, memorable and beloved crew.", "rating": 9, "date_created_on": "2022-06-15T22:03:22.731Z", "date_edited_on": null, "creator": 1}}, {"model": "reviews.review", "pk": 3, "fields": {"album": 2, "title": "Test Title", "content": "\"I bet you got it twisted you don't know who to trust\r\nSo many playa hating niggaz tryin to sound like us\r\nSay they ready for the funk, but I don't think they knowin\r\nStraight to the depths of hell is where those cowards goin\"\r\n\r\nMe Against the World is definitely a big reason why Tupac broke into the mainstream of hip hop while still being sentenced, but that album wasn't enough for him. After being helped out of jail by Suge Knight, he joined forces with Death Row empire and decided to help the label crush all the other mainstream rap families one last time, thanks to Suge and his business sense. Tupac started working on his 3 album deal and what resulted was a shit load of songs, his vaults from that era seem to be endless as he was just gushing with inspiration and those leftovers are still released... Okay some were done earlier in the Nineties. Anyway, during his stay at Death Row Tupac did 2 totally different albums, one of them was his Makaveli album that he recorded all for himself, out of pure inspiration and rage, but the other one was this All Eyez on Me. One of the rap's earliest double albums (inspiring a ton of other rappers to try that shit too) and probably the best selling hip hop album in United States, Pac admitted he recorded this one for Suge but after discovering how creative he was at the time and what made him so great at writing these classics, it's even easier to appreciate the work he did on this one.\r\n\r\nMost of rap fans know Tupac from this exact style. Thug Life Outlaw gone pop. His Greatest Hits compilation is filled with All Eyez on Me for nothing, this album is just a classic after another... So on its concept you can consider this album as Pac's celebration of life, this is on the other hand an ultimate party record as this production style is a massive, grandiose blend of West Coast funk and pop elements, but also shit goes way deeper than just simple party hip hop. Tupac was pretty much on the top of his rap game at the time, his ability to write amazing songs and passion are so captivating and even some of his songs for the dance floor have some social commentary or straight boasting, going on and on about his \"enemies\". That's a subject he would attack with full speed on the Makaveli album but it's obvious that his paranoid reaction to Bad Boy family was one of his major motivators to write some of classics on All Eyez on Me like \"Can't C Me\". Still, on the whole this is just a feel good rap album top to bottom and listening to it is almost too easy, especially the first disc \"Book 1\" is probably the finest run of hip hop music ever. Second disc is slightly worse than the first one because it ain't nearly as catchy, mostly due to the fact that the beats are ultimately darker and not as pop as the beats on \"Book 1\". To put it short, first half of All Eyez on Me is for pop crowds featuring rap superstars of its time and a West Coast gangsta party. It's impossible to decide the best song off that one: Dr. Dre jam \"California Love\", Method Man and Redman assisted \"Got My Mind Made Up\", the girl joint \"How Do U Want It\", passionate \"Life Goes On\".... That side is just plain flawless but the second half which is definitely more of Outlaw attitude and mostly produced by Johnny J, is damn good too and if you have the patience to get into these tracks you're bound to get another disc of Tupac classics. Johnny J ain't no Dre or Daz, but Tupac carries the weight sometimes all on his own. \"Picture Me Rollin'\" and \"All Eyez on Me\" are only some of my favorites...\r\n\r\nListening to All Eyez on Me is one of my favorite things to do. To be completely frank, it's impossible to think that a rap fan should hate this album at all even if it is massively commercial. It's inevitable that if only the best 15-16 songs were taken for this one All Eyez on Me would be easily the greatest rap album ever, but in this case the fact that an album is a double one doesn't matter at all. In fact, in my opinion there's no filler to be found here. Say what? That's right I love all these 27 songs (pro tip: do like they did in UK and add the radio edit of California Love as the finisher 28th track, you can't go wrong with that one), to think about a hip hop album that has more replay value is pretty damn difficult. Now that's where the album's double disc attribute become's its biggest strength: there's just way too much good stuff on this one and you can not digest all of it on one sitting. And you really think Tupac is \"dumbed down\" on All Eyez on Me? Yes some of his songs are about partying but who gives a fuck about that? He goes on and on about a whole lot of other stuff on this album, just pay attention to other songs than \"All Bout U\" if you want Pac to be deep. Out of all party rappers, Tupac is easily the greatest of them all because not only he can make the production on All Eyez on Me better than it actually is, becoming an essential part of the beats themselves and making the instrumental versions of these songs blasphemy, but Tupac also wrote these songs full of double meanings and hidden jabs. That's where his legacy as a \"rapping poet\" is at its most obvious. So the more I think about it, the more I appreciate All Eyez on Me. Not only is it the best Tupac Shakur album but also pretty much one of the best rap albums ever. Both seasoned hip hop veterans and newcomers alike must hear this album, there's a whole lot to digest even if it's one of the most accessible rap albums on Earth. All Eyez on Me cements Tupac's position as one of the most important rappers ever and to think of an influential hip hop album than this one is almost damn impossible. Not a damn bit overrated if you ask me, probably the best West Coast rap album! No one has been able to duplicate his style, and I think it's no use to hold one's breath waiting for a rapper like Tupac Shakur to step into the scene. Even if he is still alive out there somewhere - which is highly unlikely though - I think you should just take advice from the Poet himself: \"life goes on\".", "rating": 10, "date_created_on": "2022-06-17T21:45:02.007Z", "date_edited_on": null, "creator": 1}}, {"model": "reviews.review", "pk": 4, "fields": {"album": 3, "title": "Test Title", "content": "Every generation of musicians seems to have a figure that inspires the less talented among us to push on to greater heights. In the 70s, untalented punks were motivated by the sight of Sid Vicious joining a band without knowing how to play his instrument; the 80s saw Milli Vanilli climb to the top of the charts without ever singing the songs on their records; and more recently, the insanely annoying Crazy Frog has sold ten kajillion ringtones without even being a real person.\r\n\r\nFor the 90s, that figure was Rob Van Winkle, AKA Vanilla Ice. Along with MC Hammer and the aforementioned Milli Vanilli, Ice helped establish a triad of musical acts that is mocked and ridiculed to this day. And while Milli Vanilli had a ridiculous gimmick, but did not make altogether ridiculous music, the other two did. MC Hammer was merely a rapper that didnt know how to rap; Vanilla, on the other hand, trumped him by being a white rapper that didnt know how to rap. Furthermore, he fabricated an entire backstory as a gangbanger (in the hood way, not the sexual way) that, while at first deceiving the public, soon became transparent, allowing said public to Rip Van Winkle a new one. (See what I did there?)\r\n\r\nNone of this, however, prevented either Ice or Hammer from selling millions of records. For Vanilla, his big 15 minutes came with debut album To The Extreme, released in 1990.\r\n\r\nNow, did you ever hear that phrase it was still the 80s in 1990? To The Extreme validates this statement, because nowhere in the jaded post-Nirvana musical scene would this album achieve any kind of commercial success. No, my friends  this belongs in an era of aberrantly-coloured spandex, atrocious haircuts and synth-driven dance music, who gladly lapped this up alongside their Kid'N'Play and their Cyndi Laupers.\r\n\r\nSo what do we get on this record? Well, you know when someone is trying to parody hip-hop? You know that stilted flow they deliver while their friend goes boom-tshee-boom with their mouth trying to sound like a boombox? Well, Vanilla Ice sounds exactly like that, except with an even worse electronic beat and some atrocious lyricism. With your drunk buddy, you at least get to have a few laughs at his expense; Van winkle, however, sounds terribly serious about it all, as he brags about how good he is with a mic and how women love him. Seriously, thats all he talks about. His points are rammed home with the inclusion of female voices in different degrees of trance with Ices abilities. And hes so goddamn literal! The second verse of Ice Ice Baby is a detailed description of a car-ride, while Hooked meticulously describes a visit to the psychiatrist. Great lyrical material, huh?!\r\n\r\nThe songwriting is also predictably atrocious. Not only are Vanillas raps always about the same thing, his rhyming choices are laughable and his flow never really flows, instead consisting of broken, breathy rhythmic talking that is often out of time with the beat. And while this is mildly amusing on superhit Ice Ice Baby, it eventually starts to grate, especially because every other song on this album sound exactly the same. By the time Ice lets loose with the Mary Poppins catchphrase, were way past caring.\r\n\r\nSeriously, there comes a point where you feel like youve been listening to the same track for 30 minutes. There are only two instances in the entire album where Vanilla uses a different beat, and even then, his one-note rapping makes the track all too familiar. On Life Is a Fantasy, there is a slower beat, but Ices vocals entirely negate it. However, you havent lived until youve hear Rosta Man (sic), where Vanilla infuses his plastic beat with a fake reggae vibe and attempts a dreadful Caribbean accent. The track ends up being surprisingly not-horrible, but hearing that Jamaican dude say strictly from da ilaaahndzVanilla Ice always cracks me up. Rob Van Winkle has about as much Caribbean in him as a Twinkie has nutritional value.\r\n\r\nThe lyrical rock bottom is attained on Dancin, which kicks off with the lyrical gem come on everybody, come on everybody, come on everybody, come on come on everybody (sic). The track later degenerates into a ridiculous roll-call for American states, which succeeds in making it even more ridiculous than it already was.\r\n\r\nWhats even more infuriating is the fact that Ice has some really good backing samples that a real MC would kill for. Go Ill has The Almighty James Brown Sample, while Stop That Train has a female rnb sample that a good MC would put to great use. The same can be said for the sax on Hooked, which also helps make it a not-horrible track  as long as we forget the vocals.\r\n\r\nIn all seriousness, however, there are very few redeeming qualities to this record. Its hard to describe how horrible stuff like Stop That Train or the turgid Ice Is Workin It really is, not to mention the couple of pointless tracks that consist of an annoying little kid saying all of one sentence before the next track kicks in. Oh well, guess Van Winkle did at least invent the skit\r\n\r\nIf you are feeling nostalgic or want a laugh, download the Ice Ice Baby video and revel on Vanillas white sneakers and blonde toupee, as you wonder how anybody could have bought this guy as a hardened thug. If you want some not-horrible tunes, try Hooked or Rosta Man. If you want good music, there are hundreds of other artists out there to choose from. But then again, if you want good music, why are you checking out Vanilla Ice!?", "rating": 2, "date_created_on": "2022-06-17T21:56:26.656Z", "date_edited_on": null, "creator": 1}}, {"model": "reviews.review", "pk": 5, "fields": {"album": 3, "title": "Test Title", "content": "I like it, I do not know why but I like it....    honestly", "rating": 4, "date_created_on": "2022-06-21T15:28:59.359Z", "date_edited_on": null, "creator": 1}}, {"model": "reviews.review", "pk": 6, "fields": {"album": 4, "title": "A classic pop album", "content": "An album of crisp, trebly details and steady-mechanized eighth-note pulses. Madonna's voice sounds human, a little throaty and has that \"Madonna presence\" but isn't outstanding - additionally the use of co-writers and the hand of the record's producer and anonymous studio musicians slightly robs the record of Madonna's raw personality - not much of what there is to speak of anyway. The best songs are totally classic and a few others were released rightfully as successful singles in other markets, the rest sounds much like the sound of 80s studio technology. The best songs will bring a lil bit of joy to your life, but the song Pretender sounds calculated and joyless, which became a prerequisite for far too much assembly pop in the following decades.\r\n\r\nIt really must be said though, Peter Brown and Robert Rans' hit track Material Girl is absolutely flawless! Inspirational, sharp, good mix - vocals are OK, in tune and suit the track. A five star single on an album that's not 100% convincing.", "rating": 8, "date_created_on": "2022-08-17T19:57:09.956Z", "date_edited_on": null, "creator": 5}}, {"model": "reviews.review", "pk": 70, "fields": {"album": 1, "title": "test", "content": "test", "rating": 2, "date_created_on": "2022-08-22T15:36:49.388Z", "date_edited_on": null, "creator": 5}}, {"model": "reviews.review", "pk": 71, "fields": {"album": 6, "title": "Genre defining Album", "content": "Nirvana do here what Sonic Youth did so emphatically with Goo last year  making the move from cult indie to major label with not as much as a hiccup. In fact, just as the Sonics impressed and outstripped the sceptics expectations, Nirvana have made an LP which is not only better than anything theyve done before, itll stand up as a new reference point for the future post-hardcore generation.  For starters, this makes a refreshing change from the recent crop of groups  both British and American  whove used the Dinosaur Jr/Husker Du sound as their base starting point. Nirvanas rawk, instead, draws upon their roots in Sub Pop grunge, but also takes chunks of heavy 70s bass/guitars and ideology.50  Normally, this would spell the sort of appalling disaster youd usually associate with ITVs autumn schedules, but Nirvana, in their defence, have attacked rock and changed the format. This is monstrous in the sense of a good drama series, rather than a cheap US thriller.  While various American grunge bands seem content to slosh around in their respective hardcore genres  albeit with some success and lucidity  Nirvana have opted out of the underground without wimping out of the creative process.  Nevermind is a record for people whod like to like Metallica, but cant stomach their lack of melody; while on the other hand it takes some of the Pixies nous with tunes, and gives the idea new muscle. A shock to the system. Tracks like the excellent In Bloom and best of the lot, Come As You Are, show a dexterity that combines both a tension and a laid-back vibe that work off each other to produce some cool, constructed twists and turns.  Come As You Are has something eerie about it, while opening track (and forthcoming single) Smells Like Teen Spirit has Gooey feeling inherent in its lurching structure. At other times, the threesome lean into thrashier territory with the berserk Territorial Pissings and screaming-pop of Breed.  This is the natural progression from their debut LP Bleach, exploring different avenues. They are less specific lyrically than SY, sometimes annoyingly so, but yet they still produce these vivid moods with Drain You, Polly and the closing, quieter Something In The Way.  Nevermind is the big American alternative record of the autumn. But better still, itll last well into next year.", "rating": 10, "date_created_on": "2022-09-07T09:34:18.537Z", "date_edited_on": null, "creator": 9}}, {"model": "reviews.review", "pk": 85, "fields": {"album": 7, "title": "Excellent first album", "content": "Absolutely one of Chris Cornell's best pieces of work. This is a true staple of what Chris could create. His voice and Tom Morello make this bone chilling, goose-bump giving album one of the Greatest of All Time!!!!! The entire album is full of timeless tracks that take you on one of the best musical rides. \"Shadow on the Sun\", \"Get Away Car\" don't get as much mainstream play but are two of the most astounding works of music we have ever heard. You can hear every track on The Retro in heavy rotation. Definitely a must have album! An honorabalbe mention album also by Audioslave: Out of Exile. This is also a great, underated album, with \"#1 Zero\" on it that has one of the most chilling guitar solos by Tom Morello. Can you tell we like Audioslave a little? LOL", "rating": 9, "date_created_on": "2022-11-10T19:04:35.200Z", "date_edited_on": null, "creator": 1}}, {"model": "profiles.profile", "pk": 3, "fields": {"user": 9, "profile_pic": "", "first_name": null, "last_name": null, "favourite_genre": 1, "created_on": "2022-08-31T14:52:09.827Z", "edited_on": "2022-09-28T20:08:53.005Z", "followers": [1]}}, {"model": "profiles.profile", "pk": 4, "fields": {"user": 1, "profile_pic": "profile_pics/2pac-avatar.jpg", "first_name": "Admin", "last_name": null, "favourite_genre": 1, "created_on": "2022-08-31T15:00:22.266Z", "edited_on": "2022-09-04T10:28:37.102Z", "followers": []}}, {"model": "profiles.profile", "pk": 5, "fields": {"user": 5, "profile_pic": "profile_pics/agnieszka.jpeg", "first_name": null, "last_name": null, "favourite_genre": 2, "created_on": "2022-09-04T10:56:56.374Z", "edited_on": "2022-09-04T10:56:56.374Z", "followers": [1]}}, {"model": "profiles.profile", "pk": 6, "fields": {"user": 10, "profile_pic": "", "first_name": null, "last_name": null, "favourite_genre": null, "created_on": "2022-09-12T18:34:52.718Z", "edited_on": "2022-09-12T18:34:52.718Z", "followers": [1]}}, {"model": "profiles.profile", "pk": 7, "fields": {"user": 11, "profile_pic": "", "first_name": null, "last_name": null, "favourite_genre": null, "created_on": "2022-09-14T08:11:48.578Z", "edited_on": "2022-09-14T08:11:48.578Z", "followers": [1]}}, {"model": "profiles.profile", "pk": 8, "fields": {"user": 12, "profile_pic": "", "first_name": null, "last_name": null, "favourite_genre": null, "created_on": "2022-09-14T08:19:04.825Z", "edited_on": "2022-09-14T08:19:04.825Z", "followers": []}}]